id,ProductDescription,StandardQty,CountryofDestination
,SPICES MASALA MIX BAPS,9,Australia
,SPICES MASALA MIX BAPS,11,Australia
,SPICES MASALA POWDER & PASTE - Spicy Sam,72,Australia
,SPICES MASALA POWDER & PASTE - Spice - P,96,Australia
,SPICES MASALA POWDER & PASTE - Spice - S,480,Australia
,SPICES MASALA POWDER & PASTE - Spice - S,600,Australia
,SPARE PARTS / ACCESSORIES / COMPONENT -SPICE PLATES THICK/MM:2.50,750,Australia
,WHOLE SPICES Dry Gingger Whole,247,Australia
,WHOLE SPICES Bay Leaves,229.20,Australia
,WHOLE SPICES Cinnamon Bark,879.20,Australia
,SPICES SANDWICH MASALA LOT ID IGSM01,200,Australia
,SPICES ASSORTED MASALA POWDER,56,Australia
,"SPICES BIRYANI MASALA LOT ID IGSM01,",200,Australia
,"SPICES CHOLE MASALA LOT ID IGSM01, M",200,Australia
,SPICES ASSORTED MASALA POWDER,45,Australia
,100 BOX CHINESE FIVE SPICE GROUND STEAM,7200,Australia
,ORGANIC BUTTER CHICKEN SPICE MIX,5,Australia
,SPICES ASSORTED MASALA POWDER,90,Australia
,SPICES ASSORTED MASALA POWDER,25,Australia
,SPICES ASSORTED MASALA POWDER,10,Australia
,SPICES ASSORTED MASALA POWDER,50,Australia
,ORGANIC BUTTER CHICKEN SPICE MIX,195,Australia
,Italian Seasoning - Jar The Spice Facto,6,Australia
,Baharat Spice The Spice Factory - 40 G,10,Australia
,Baharat Spice The Spice Factory - 40 G,10,Australia
,"GARAM MASALA, PANCH PURAN MIX SPICES 7",170,Australia
,BLENDED SPICES Chhas Masala OTHER DETAI,574,Australia
,Nutmeg Powder The Spice Factory - 40 G,10,Australia
,WHOLE SPICES Sesame Seeds Hulled OTHER,1000,Australia
,POWDER SPICES Fennel Powder OTHER DETAI,998.40,Australia
,WHOLE SPICES Mulethi Whole OTHER DETAIL,225,Australia
,WHOLE SPICES Cardamom Green OTHER DETAI,572.50,Australia
,POWDER SPICES Cinnamon Powder OTHER DET,224,Australia
,Italian Seasoning - Jar The Spice Facto,6,Australia
,WHOLE SPICES Badiyan OTHER DETAILS AS P,401.40,Australia
,Italian Seasoning - Jar The Spice Facto,6,Australia
,Nutmeg Powder The Spice Factory - 40 G,10,Australia
,Baharat Spice The Spice Factory - 40 G,10,Australia
,Nutmeg Powder The Spice Factory - 40 G,10,Australia
,POWDER SPICES Black Peper Crushed OTHER,893.40,Australia
,WHOLE SPICES Clove OTHER DETAILS AS PER,445.20,Australia
,Nutmeg Powder The Spice Factory - 40 G,10,Australia
,Italian Seasoning - Jar The Spice Facto,6,Australia
,Baharat Spice The Spice Factory - 40 G,10,Australia
,ASSORTED SPICE POWDER,16,Australia
,SPICE POWDER,2,Australia
,ASSORTED SPICE POWDER,20,Australia
,SPICE POWDER,5,Australia
,SPICES ASSORTED MASALA POWDER,49,Australia
,SPICES ASSORTED MASALA POWDER,1,Australia
,SPICES ASSORTED MASALA POWDER,50,Australia
,SPICES ASSORTED MASALA POWDER,10,Australia
,"RAJNIGANDHA,DRIED FERROUS SULPHATE BP, COTTON BLENDED FABRICS, CURRY SPICE POWDERS,  PEPPERMINT OIL, DYES INTERMEDIATES, WOVEN FABRICS",106,Australia
,SPICES ASSORTED MASALA POWDER,52,Australia
,SPICES ASSORTED MASALA POWDER,8,Australia
,Ready to eat packaged foodCOLES SPICED,13832,Australia
,Ready to eat packaged foodCOLES SPICED,728,Australia
,GARAM MASALA GROUND SPICE MIX - 60G X 10,5,Australia
,GARAM MASALA GROUND SPICE MIX baby box -,90,Australia
,GARAM MASALA GROUND SPICE MIX - 1KGX6 NT,25,Australia
,TAPIOCA CHIPS SPICED,86.40,Australia
,ASSORTED SPICES,10280,Australia
,HOLY LAMA CHAI SPICES EXTRACT 5ML,90,Australia
,HOLY LAMA CHAI SPICES EXTRACT 100 ML,6,Australia
,HOLY LAMA SPICE WODDEN RACK 9NOS,10,Australia
,HOLY LAMA MULLING SPICES EXTRACT 5ML,60,Australia
,PAKING MATERIAL SPICE BOX,180,Australia
,HOLY LAMA SPICE WODDEN STAND4NOS,144,Australia
,HOLY LAMA MULLING SPICES EXTRACT 100 ML,2,Australia
,SPICES MASALA POWDER & PASTE - Spice - V,72,Australia
,RTC-Chana Masala Spice Mix 60g -Exp,57.60,Australia
,WOODEN SPICE BOX - 43X22X11 CMS,1,Australia
,SPICES MASALA POWDER & PASTE - Spice - S,72,Australia
,RTC- Kadhai Chicken Spice Mix-50g Exp,48,Australia
,WOODEN SPICE BOX - 20X20X6 CMS,6,Australia
,SPICES MASALA POWDER & PASTE - Spice - S,600,Australia
,SPICES MASALA POWDER & PASTE - Spice - S,720,Australia
,SPICES MASALA POWDER & PASTE - Spice - B,108,Australia
,100 BOX CHINESE FIVE SPICE GROUND STEAM,7200,Australia
,I SNACK KHAKHRA OLIVE SPICE,16,Australia
,I SNACK KHAKHRA TREDI SPICE,48,Australia
,SPICE POWDER,3,Australia
,SPYRAN SPICES MIX,63,Australia
,KARNAVATI SPICES MIX,13,Australia
,SPICE ORGANISER,5,Australia
,SPICE UP,5,Australia
,Mixed Spices Powder,160,Australia
,LEXUS SPICE BOX,1,Australia
,GARAM MASALA GROUND SPICE MIX- 1KG X 6,25,Australia
,GARAM MASALA GROUND SPICE MIX baby box -,90,Australia
,GARAM MASALA GROUND SPICE MIX- 60G X 10,5,Australia
,ALL SPICE WHOLE5*10*50GM,25,Australia
,TEA >> SPICED TEA TURMERIC SPICED TEA 500G X 2,1,Australia
,MIX >> SPICE MIX EVERESTTasteeto Pasta Spice Mix 38 38,10,Australia
,MIXTURES >> MIXTURES SUHANA MIXTURES SUHANA CHICKEN TANDOORI SPICE M,24,Australia
,MIXTURES >> MIXTURES SUHANA MIXTURES SUHANA CHICKEN BIRYANI SPICE MI,360,Australia
,MIXTURES >> MIXTURES SUHANA MIXTURES SUHANA PANEER TIKKA SPICE MIX M,72,Australia
,MIX >> SPICE MIX EVERESTTasteeto Pizza Spice Mix 38 38,10,Australia
,MIXTURES >> MIXTURES SUHANA MIXTURES SUHANA PANEER TIKKA SPICE MIX M,72,Australia
,MIXTURES >> MIXTURES SUHANA MIXTURES SUHANA CHICKEN TANDOORI SPICE M,120,Australia
36,,53127,Australia